[
  {
    "icon": "fa fa-home",
    "slug": "external",
    "title": "Volver al inicio",
    "path": "index.html"
  },  
  {
    "icon": "fa fa-file-text-o",
    "slug": "tema-1",
    "title": "1. Micronutrientes",
    "path": "pages/tema-1.html"
  }, 
  {
    "icon": "fa fa-file-text-o",
    "slug": "tema-2",
    "title": "2. Anemia",
    "path": "pages/tema-2.html" 
  },
  {
    "icon": "fa fa-play-circle",
    "slug": "tema-3",
    "title": "3. Estrategias de prevención",
    "path": "pages/tema-3.html" 
  },
  {
    "icon": "fa fa-file-text-o",
    "slug": "tema-4",
    "title": "4. Entornos",
    "path": "pages/tema-4.html" 
  }     
]